{
  "api": {
    "bopmain": {
      "service": "AppSync",
      "providerPlugin": "awscloudformation",
      "output": {
        "authConfig": {
          "defaultAuthentication": {
            "authenticationType": "API_KEY",
            "apiKeyConfig": {
              "apiKeyExpirationDays": 365,
              "description": "bop"
            }
          },
          "additionalAuthenticationProviders": []
        }
      }
    }
  },
  "storage": {
    "UserTable": {
      "service": "DynamoDB",
      "providerPlugin": "awscloudformation"
    },
    "artistProPics": {
      "service": "S3",
      "providerPlugin": "awscloudformation"
    }
  },
  "auth": {
    "bopmainf10a6c03": {
      "service": "Cognito",
      "providerPlugin": "awscloudformation",
      "dependsOn": [],
      "customAuth": false
    }
  }
}