{
    "bucketName": "bopmain2fbd28982e2a41f8b337e02fed820af1",
    "authPolicyName": "s3_amplify_8f55a57b",
    "unauthPolicyName": "s3_amplify_8f55a57b",
    "authRoleName": {
        "Ref": "AuthRoleName"
    },
    "unauthRoleName": {
        "Ref": "UnauthRoleName"
    },
    "selectedGuestPermissions": [
        "s3:GetObject",
        "s3:ListBucket"
    ],
    "selectedAuthenticatedPermissions": [
        "s3:GetObject",
        "s3:ListBucket"
    ],
    "s3PermissionsAuthenticatedPublic": "s3:GetObject",
    "s3PublicPolicy": "Public_policy_a44eb660",
    "s3PermissionsAuthenticatedUploads": "DISALLOW",
    "s3UploadsPolicy": "Uploads_policy_a44eb660",
    "s3PermissionsAuthenticatedProtected": "s3:GetObject",
    "s3ProtectedPolicy": "Protected_policy_a44eb660",
    "s3PermissionsAuthenticatedPrivate": "s3:GetObject",
    "s3PrivatePolicy": "Private_policy_a44eb660",
    "AuthenticatedAllowList": "ALLOW",
    "s3ReadPolicy": "read_policy_a44eb660",
    "s3PermissionsGuestPublic": "DISALLOW",
    "s3PermissionsGuestUploads": "DISALLOW",
    "GuestAllowList": "DISALLOW",
    "triggerFunction": "NONE"
}