{
    "AWSTemplateFormatVersion": "2010-09-09",
    "Description": "DynamoDB resource stack creation using Amplify CLI",
    "Parameters": {
        "partitionKeyName": {
            "Type": "String"
        },
        "partitionKeyType": {
            "Type": "String"
        },
        "env": {
            "Type": "String"
        },
        
        "tableName": {
            "Type": "String"
        }
    },
    "Conditions": {
        "ShouldNotCreateEnvResources": {
            "Fn::Equals": [
                {
                    "Ref": "env"
                },
                "NONE"
            ]
        }
    },
    "Resources": {
        "DynamoDBTable": {
            "Type": "AWS::DynamoDB::Table",
            "Properties": {
                "AttributeDefinitions": [
                  
                  {
                      "AttributeName": "username",
                      "AttributeType": "S"
                  } 
                  
                ],
                "KeySchema": [
                  
                  {
                    "AttributeName": "username",
                    "KeyType": "HASH"
                  } 
                  
                ],
                "ProvisionedThroughput": {
                    "ReadCapacityUnits": "5",
                    "WriteCapacityUnits": "5"
                },
                "StreamSpecification": {
                    "StreamViewType": "NEW_IMAGE"
                },
                "TableName": {
                    "Fn::If": [
                        "ShouldNotCreateEnvResources",
                        {
                           "Ref": "tableName"
                        }, 
                        {

                            "Fn::Join": [
                                "",
                                [
                                  {
                                    "Ref": "tableName"
                                  },
                                  "-",
                                  {
                                    "Ref": "env"
                                  }
                                ]
                            ]
                        }
                    ]
                }
                
            }
        }
    },
    "Outputs": {
        "Name": {
            "Value": {
                "Ref": "DynamoDBTable"
            }
        },
        "Arn": {
            "Value": {
                "Fn::GetAtt": [
                    "DynamoDBTable",
                    "Arn"
                ]
            }
        },
        "StreamArn": {
            "Value": {
                "Fn::GetAtt": [
                    "DynamoDBTable",
                    "StreamArn"
                ]
            }
        },
        "PartitionKeyName": {
            "Value": {
                "Ref": "partitionKeyName"
            }
        },
        "PartitionKeyType": {
            "Value": {
                "Ref": "partitionKeyType"
            }
        },
        
        "Region": {
            "Value": {
                "Ref": "AWS::Region"
            }
        }
    }
}